-------------  Distributor Category ----------------
INSERT INTO `distributor_category` (`id`, `position`, `status`, `updated_at`, `created_at`) VALUES
(1, 1, 1, '2019-04-25 09:00:32', '2019-04-25 09:00:32'),
(2, 2, 1, '2019-04-25 09:00:59', '2019-04-25 09:00:59');

INSERT INTO `distributor_category_translation` (`id`, `translatable_id`, `title`, `description`, `locale`) VALUES
(1, 1, 'ห้างสรรพสินค้า', NULL, 'th'),
(2, 1, 'MODERN TRADE', NULL, 'en'),
(3, 2, 'ร้านค้าปลีก', NULL, 'th'),
(4, 2, 'RETAIL STORE', NULL, 'en');



-------------  Zone ----------------
INSERT INTO `zone` (`id`, `position`, `status`, `updated_at`, `created_at`) VALUES
(1, 1, 1, '2019-04-25 09:39:27', '2019-04-25 09:33:59'),
(2, 2, 1, '2019-04-25 09:39:27', '2019-04-25 09:34:26'),
(3, 3, 1, '2019-04-25 09:39:27', '2019-04-25 09:35:19'),
(4, 4, 1, '2019-04-25 09:39:27', '2019-04-25 09:35:46'),
(5, 5, 1, '2019-04-25 09:39:27', '2019-04-25 09:36:11'),
(6, 6, 1, '2019-04-25 09:39:27', '2019-04-25 09:36:33'),
(7, 7, 1, '2019-04-25 09:39:27', '2019-04-25 09:36:52');

INSERT INTO `zone_translation` (`id`, `translatable_id`, `title`, `description`, `locale`) VALUES
(1, 1, 'กรุงเทพฯ และปริมณทล', NULL, 'th'),
(2, 1, 'Greater Bangkok Area', NULL, 'en'),
(3, 2, 'ภาคกลาง', NULL, 'th'),
(4, 2, 'Central Region', NULL, 'en'),
(5, 3, 'ภาคเหนือ', NULL, 'th'),
(6, 3, 'Northern Region', NULL, 'en'),
(7, 4, 'ภาคใต้', NULL, 'th'),
(8, 4, 'Southern Region', NULL, 'en'),
(9, 5, 'ภาคตะวันออก', NULL, 'th'),
(10, 5, 'Easthern Region', NULL, 'en'),
(11, 6, 'ภาคตะวันออกเฉียงเหนือ', NULL, 'th'),
(12, 6, 'Northeasthern Region', NULL, 'en'),
(13, 7, 'ภาคตะวันตก', NULL, 'th'),
(14, 7, 'Western Region', NULL, 'en');



-------------  Distributor ----------------

INSERT INTO `distributor` (`id`, `zone_id`, `distributor_category_id`, `image`, `latitude`, `longitude`, `place_id`, `phone`, `fax`, `mobile`, `position`, `status`, `updated_at`, `created_at`, `email`, `website`) VALUES
(1, 1, 1, '/uploads/userfiles/images/distributor/modern_trade/central-logo.png', '13.7445741', '100.54449499999998', 'ChIJGyDMPNue4jARWuBxOrnS5RQ', NULL, NULL, NULL, 0, 1, '2019-04-25 13:17:52', '2019-04-25 10:42:44', NULL, NULL),
(2, 1, 1, '/uploads/userfiles/images/distributor/modern_trade/central-logo.png', '13.777688175395175', '100.47632987514646', 'ChIJ5V40fIaZ4jARkqPPi4-uwp0', NULL, NULL, NULL, 0, 1, '2019-04-25 13:16:55', '2019-04-25 12:48:45', NULL, NULL),
(3, 1, 1, '/uploads/userfiles/images/distributor/modern_trade/central-logo.png', '13.9034928', '100.52824959999998', 'ChIJ7Tn9n52E4jAR5LwhAR-Vlcg', NULL, NULL, NULL, 0, 1, '2019-04-25 13:16:26', '2019-04-25 12:50:11', NULL, NULL),
(4, 1, 1, '/uploads/userfiles/images/distributor/modern_trade/central-logo.png', '13.817525364330429', '100.56023970635988', 'ChIJ047T9qed4jAR8yL5NnLxcL0', NULL, NULL, NULL, 0, 1, '2019-04-25 13:15:30', '2019-04-25 12:53:07', NULL, NULL),
(5, 1, 1, '/uploads/userfiles/images/distributor/modern_trade/central-logo.png', '13.66962589841185', '100.63489396668706', 'ChIJk8Ps5e5fHTERtap2FF37DWo', NULL, NULL, NULL, 0, 1, '2019-04-25 13:14:55', '2019-04-25 13:00:49', NULL, NULL),
(6, 1, 1, '/uploads/userfiles/images/distributor/modern_trade/central-logo.png', '13.663394207949768', '100.43777532911372', 'ChIJF8o3XTO94jARL6O-OxdvBq0', NULL, NULL, NULL, 0, 1, '2019-04-25 13:14:40', '2019-04-25 13:12:21', NULL, NULL),
(7, 1, 1, '/uploads/userfiles/images/distributor/modern_trade/central-logo.png', '13.697567', '100.53758300000004', 'ChIJwVEDWFqY4jARMEq1xlugpL4', NULL, NULL, NULL, 0, 1, '2019-04-25 13:14:22', '2019-04-25 13:14:22', NULL, NULL),
(8, 1, 1, '/uploads/userfiles/images/distributor/modern_trade/central-logo.png', '13.9874868', '100.61848090000001', 'ChIJOfiUXoaZ4jARYH1jWH7gL2w', NULL, NULL, NULL, 0, 1, '2019-04-25 13:20:56', '2019-04-25 13:20:56', NULL, NULL),
(9, 1, 1, '/uploads/userfiles/images/distributor/modern_trade/central-logo.png', '13.8761474', '100.41213210000001', 'ChIJX2AoriCQ4jAR7aglJz3j6YI', NULL, NULL, NULL, 0, 1, '2019-04-25 13:22:28', '2019-04-25 13:22:28', NULL, NULL),
(10, 1, 1, '/uploads/userfiles/images/distributor/modern_trade/robinson-logo.png', '13.7593753', '100.56669710000006', 'ChIJq8XoGI2e4jARr3ECjBwXYD4', NULL, NULL, NULL, 0, 1, '2019-04-25 13:23:32', '2019-04-25 13:23:32', NULL, NULL),
(11, 1, 1, '/uploads/userfiles/images/distributor/modern_trade/siam-paragon-logo.png', '13.7468152', '100.53506900000002', 'ChIJIeWu482e4jARYymvLJqTQ58', NULL, NULL, NULL, 0, 1, '2019-04-25 13:24:21', '2019-04-25 13:24:21', NULL, NULL),
(12, 1, 1, '/uploads/userfiles/images/distributor/modern_trade/sb-design-logo.png', '13.6671626', '100.64268049999998', 'ChIJnTa-GepfHTERsumw9k9HNXg', NULL, NULL, NULL, 0, 1, '2019-04-25 13:25:17', '2019-04-25 13:25:17', NULL, NULL),
(13, 1, 1, '/uploads/userfiles/images/distributor/modern_trade/sb-design-logo.png', '13.8053689', '100.61869760000002', 'ChIJvaTqNYud4jARan24T_ctJ28', NULL, NULL, NULL, 0, 1, '2019-04-25 13:26:18', '2019-04-25 13:26:18', NULL, NULL),
(14, 1, 2, '/uploads/userfiles/images/distributor/retail_store/klongneung-furniture.png', '13.9881245', '100.63190110000005', 'ChIJSwgGJHB4HTERgxgUpHIw8tc', '02-997-1059', NULL, '094-554-2483', 0, 1, '2019-04-26 06:10:34', '2019-04-25 13:29:54', 'indexklong1@gmail.com', NULL),
(15, 1, 2, '/uploads/userfiles/images/distributor/retail_store/udomfurniture.png', '13.781008', '100.60823600000003', 'ChIJs5ef1T-e4jAR7Rj_fSC5p5w', '02-9336637', NULL, NULL, 0, 1, '2019-04-26 06:13:00', '2019-04-25 13:31:56', 'udomfurniture@me.com', 'http://www.udomfurniture.co.th'),
(16, 1, 2, '/uploads/userfiles/images/distributor/retail_store/udomfurniture.png', '13.837729485464326', '100.44681845214961', 'ChIJlaNDXISa4jAR2NBKrBB2iFY', '02-422-6365', NULL, NULL, 0, 1, '2019-04-26 06:13:22', '2019-04-25 13:34:49', 'udomfurniture@me.com', 'http://www.udomfurniture.co.th'),
(17, 1, 2, '/uploads/userfiles/images/distributor/retail_store/sitzleep.png', '13.739361', '100.65386999999998', 'ChIJfThc569hHTERrEkcH-0zt1g', '02-731-6955', NULL, NULL, 0, 1, '2019-04-26 06:16:41', '2019-04-25 13:37:40', NULL, 'http://www.sitandzleep.com'),
(18, 1, 2, '/uploads/userfiles/images/distributor/retail_store/mosanto.png', '13.7660558', '100.64249189999998', 'ChIJFYf_MI1hHTERmV2U89HVyko', '0-2363-3346', NULL, NULL, 0, 1, '2019-04-26 06:20:41', '2019-04-25 13:38:49', 'mosanto_pcclassic@hotmail.com', NULL),
(19, 1, 2, '/uploads/userfiles/images/distributor/retail_store/mosanto.png', '13.6929386', '100.6486463', 'ChIJcW3YAXJgHTEREtnJGu_1B3M', '02-721-8708', NULL, '083-9893986', 0, 1, '2019-04-26 06:21:42', '2019-04-25 13:42:05', 'a.mm.pc@hotmail.com', NULL),
(20, 1, 2, '/uploads/userfiles/images/distributor/retail_store/livinghome.png', '13.6018024', '100.36887810000007', 'ChIJ8RxNCPW74jARY2F_fsmH4Jw', '034-812-044', NULL, NULL, 0, 1, '2019-04-26 06:23:17', '2019-04-25 13:44:05', 'livinghomerama2@gmail.com', NULL),
(21, 2, 2, '/uploads/userfiles/images/distributor/retail_store/ruangsilp.png', '13.8133415', '100.06299669999999', 'ChIJ5XvGwuvl4jARbKmlLm6_578', '034-254-900-1', NULL, NULL, 0, 1, '2019-04-26 06:25:23', '2019-04-25 13:55:33', NULL, NULL),
(22, 2, 2, '/uploads/userfiles/images/distributor/retail_store/ruangprayoch.png', '15.69579', '100.12710900000002', 'ChIJXUFZCgdP4DARtsQsqaqDiEQ', '056-226134-5', NULL, NULL, 0, 1, '2019-04-26 06:26:43', '2019-04-25 13:56:45', 'contact@d-mart.in.th', 'https://www.facebook.com/rungprayochnakhonsawan/'),
(23, 2, 2, '/uploads/userfiles/images/distributor/retail_store/idea-furniture-mall.png', '15.7367042', '100.11829560000001', 'ChIJIXM1FAlF4DAR0Cc-Ju3Er8k', '056-371-000, 056-371-218-20', NULL, NULL, 0, 1, '2019-04-26 06:29:14', '2019-04-25 13:58:30', 'idea1990@hotmail.com', 'http://ideafurniture.co.th'),
(24, 2, 2, '/uploads/userfiles/images/distributor/retail_store/piyapol.png', '14.326263', '100.61440199999993', 'ChIJrUhGKDh04jARax-U8ovruQY', '035-346-199', NULL, NULL, 0, 1, '2019-04-26 06:34:35', '2019-04-25 13:58:33', NULL, NULL),
(25, 2, 2, '/uploads/userfiles/images/distributor/retail_store/tae-num-tai-furniture.png', '14.529326', '100.91457200000002', 'ChIJjZUXFRLpHTERuenaWV7UMxk', '036-230707', NULL, NULL, 0, 1, '2019-04-26 06:41:47', '2019-04-25 14:00:56', NULL, 'https://www.facebook.com/taenumtai/'),
(26, 2, 2, '/uploads/userfiles/images/distributor/retail_store/sangsaneh-furniture.png', '14.345555', '99.86942269999997', 'ChIJIfCVxm-z4zARFHADC7uPll8', '035-565-678', NULL, '098-292-0781', 0, 1, '2019-04-26 06:51:39', '2019-04-25 14:01:55', NULL, NULL),
(27, 2, 2, '/uploads/userfiles/images/distributor/retail_store/extrahome.png', '14.4834696', '100.13187289999996', 'ChIJLbviyP044jARAJYXfr2gI6Q', NULL, NULL, '086-381-1488', 0, 1, '2019-04-26 06:45:08', '2019-04-25 14:02:55', NULL, NULL),
(28, 3, 1, '/uploads/userfiles/images/distributor/modern_trade/central-festival-chiangmai.png', '18.807268', '99.01812199999995', 'ChIJAw6GHDQl2jAROD6koPXaeQQ', NULL, NULL, NULL, 0, 1, '2019-04-25 14:25:27', '2019-04-25 14:25:27', NULL, NULL),
(29, 3, 1, '/uploads/userfiles/images/distributor/modern_trade/robinson-logo.png', '18.7736689', '98.97853980000002', 'ChIJKTgF0GQw2jARcSVXc8jQBt0', NULL, NULL, NULL, 0, 1, '2019-04-25 14:26:46', '2019-04-25 14:26:46', NULL, NULL),
(30, 3, 1, '/uploads/userfiles/images/distributor/modern_trade/robinson-logo.png', '19.8859901', '99.83256000000006', 'ChIJP5tN0BUG1zARDyfUQCK65Ak', NULL, NULL, NULL, 0, 1, '2019-04-25 14:27:43', '2019-04-25 14:27:43', NULL, NULL),
(31, 3, 2, NULL, '19.909949', '99.83290699999998', 'ChIJz5OlyGAG1zARwyuVeUlHNxo', '053-711-886', NULL, NULL, 0, 1, '2019-04-25 14:31:51', '2019-04-25 14:31:51', NULL, NULL),
(32, 3, 2, '/uploads/userfiles/images/distributor/retail_store/ruan-thong-furniture.png', '19.9349197', '99.84526310000001', 'ChIJFxMsY-gG1zARnP8CfIy6kqg', '053-750-168', NULL, NULL, 0, 1, '2019-04-26 06:51:12', '2019-04-25 14:32:48', NULL, NULL),
(33, 3, 2, '/uploads/userfiles/images/distributor/retail_store/chaingmai-thanatat-partnership.png', '18.791592', '98.99767299999996', 'ChIJayHnt6Q62jARadFYna-4P0M', '053-252309', NULL, NULL, 0, 1, '2019-04-26 06:56:19', '2019-04-25 14:33:47', 'ponsri@gmail.com', 'http://www.kuangbaan.com'),
(34, 3, 2, '/uploads/userfiles/images/distributor/retail_store/bangkok-furniture.png', '18.7681097', '99.04440169999998', 'ChIJbavfvo8v2jARmu6VD22bx_Q', '053-115774-5', NULL, NULL, 0, 1, '2019-04-26 07:00:55', '2019-04-25 14:36:22', 'bkk_furniture_cm@hotmail.com', 'http://www.facebook.com/BangkokFurniture.Chiangmai'),
(35, 3, 2, '/uploads/userfiles/images/distributor/retail_store/bangkok-furniture.png', '18.667764', '98.91456300000004', 'ChIJ_0KPaAyZ2zAR8lF6SgZv3uQ', '053-804858', NULL, NULL, 0, 1, '2019-04-26 07:02:09', '2019-04-25 14:37:37', 'bkk_furniture_cm@hotmail.com', 'http://www.facebook.com/BangkokFurniture.Chiangmai'),
(36, 3, 2, '/uploads/userfiles/images/distributor/retail_store/inhome-furniture-decor.png', '18.7832136', '99.06964960000005', 'ChIJLQIeNo8l2jARhB391CiQub0', '053-295686', NULL, NULL, 0, 1, '2019-04-26 07:03:39', '2019-04-25 14:38:52', 'inhomefd@gmail.com', 'http://www.facebook.com/inhomefur'),
(37, 3, 2, '/uploads/userfiles/images/distributor/retail_store/pangka-furniture.png', '18.7732784', '100.717626', 'ChIJ4-jrWyiMJzERc9rKbnSIisw', '054-710278', NULL, NULL, 0, 1, '2019-04-26 07:05:53', '2019-04-25 14:41:36', NULL, NULL),
(38, 3, 2, '/uploads/userfiles/images/distributor/retail_store/mery-furniture.png', '19.1537454', '99.91261710000003', 'ChIJFwnKV47U2TARUZh_zp50CEQ', '054-431-738', NULL, '081-568-8087', 0, 1, '2019-04-26 07:08:42', '2019-04-25 14:42:55', 'nongyord@hotmail.com', NULL),
(39, 3, 2, '/uploads/userfiles/images/distributor/retail_store/major-furniture-mall.png', '16.807722', '100.22355970000001', 'ChIJJaH1_QS93zAR912FdqCBt5Q', '055-216-162,055-282-444', NULL, NULL, 0, 1, '2019-04-26 07:10:15', '2019-04-25 14:43:58', NULL, NULL),
(40, 3, 2, '/uploads/userfiles/images/distributor/retail_store/nantiya-furniture.png', '16.43327', '101.15147000000002', 'ChIJ8xAwtlElIDER-srIMg8ZzOU', '056-725377', NULL, NULL, 0, 1, '2019-04-26 07:14:32', '2019-04-25 14:45:04', NULL, NULL),
(41, 4, 1, '/uploads/userfiles/images/distributor/modern_trade/central-festival-hadyai-logo.png', '6.9915948', '100.48294009999995', 'ChIJCU6GojQoTTARSom1tjXtLMY', NULL, NULL, NULL, 0, 1, '2019-04-26 04:47:24', '2019-04-26 04:47:24', NULL, NULL),
(42, 4, 1, '/uploads/userfiles/images/distributor/modern_trade/sb-design-logo.png', '7.8951884', '98.36911940000005', 'ChIJa2kk08AxUDARW0jWhkCa9DU', NULL, NULL, NULL, 0, 1, '2019-04-26 04:48:25', '2019-04-26 04:48:14', NULL, NULL),
(43, 4, 2, '/uploads/userfiles/images/distributor/retail_store/sang-thong-furniture-krabi.png', '8.076451592661284', '98.91539215158991', 'ChIJewEXRYaUUTARnAgrhQCwCQk', '075-612560', NULL, '081-9686471', 0, 1, '2019-04-26 08:57:33', '2019-04-26 04:59:54', NULL, NULL),
(44, 4, 2, '/uploads/userfiles/images/distributor/retail_store/sang-thong-furniture-krabi.png', '8.107690999999999', '98.93823799999996', 'ChIJJcy_Ye6TUTARVEAIdXIr1Pc', '075-650877, 075-650868', NULL, NULL, 0, 1, '2019-04-26 08:57:47', '2019-04-26 05:07:09', NULL, NULL),
(45, 4, 2, '/uploads/userfiles/images/distributor/retail_store/koo-bann-koo-ruan.png', '10.4552439', '99.11241389999998', 'ChIJoUaQEbCq-DARLQjOYaJhKG0', '077-534-333-4', NULL, NULL, 0, 1, '2019-04-26 07:26:33', '2019-04-26 05:08:54', NULL, NULL),
(46, 4, 2, '/uploads/userfiles/images/distributor/retail_store/prasit-inter-home.png', '7.5669567', '99.61624269999993', 'ChIJhyhPD2qMTTARHGvKCnqLFBU', '075-210360', NULL, NULL, 0, 1, '2019-04-26 08:34:30', '2019-04-26 05:09:46', NULL, NULL),
(47, 4, 2, '/uploads/userfiles/images/distributor/retail_store/siam-jasmine-lving-center.png', '8.4014846', '99.97658039999999', 'ChIJX0mp5nYBUzARlMfCEO50yNw', '075-348-108', NULL, NULL, 0, 1, '2019-04-26 08:37:35', '2019-04-26 05:12:54', 'siamjasmine@gmail.com', NULL),
(48, 4, 2, '/uploads/userfiles/images/distributor/retail_store/krungthep-kuangruan.png', '6.4144027', '101.81023030000006', 'ChIJ4XkR3iDyszER9rzgZS4CCd8', '073-532-532', NULL, NULL, 0, 1, '2019-04-26 08:45:44', '2019-04-26 05:15:08', NULL, NULL),
(49, 4, 2, '/uploads/userfiles/images/distributor/retail_store/my-house-furniture-%5Brachafurniture%5D.png', '7.018464499999999', '100.4834902', 'ChIJb8pg8_8oTTARhlCtXBHBfZ4', '074-235700-1', '074-235702', NULL, 0, 1, '2019-04-26 08:49:16', '2019-04-26 05:16:23', 'rcfur@hotmail.com', NULL),
(50, 4, 2, '/uploads/userfiles/images/distributor/retail_store/my-house-furniture-%5Brachafurniture%5D.png', '7.0182508', '100.48290399999996', 'ChIJ9wsq1gcpTTARXwWZA1BVSGw', '074-257700', NULL, NULL, 0, 1, '2019-04-26 08:49:46', '2019-04-26 05:17:42', NULL, NULL),
(51, 4, 2, '/uploads/userfiles/images/distributor/retail_store/youngnum-furniture-city.png', '9.1181138', '99.35378820000005', 'ChIJXVWI2uQGVDAROKzmLHdoFn4', '077-485032', '077-600656', NULL, 0, 1, '2019-04-26 08:51:39', '2019-04-26 05:18:55', 'tetung@hotmail.com', NULL),
(52, 4, 2, '/uploads/userfiles/images/distributor/retail_store/youngnum-furniture-city-smui.png', '9.5424077', '100.04049559999999', 'ChIJQd6fFrHxVDAReaObXb64W1A', '077-485032', '077-600656', NULL, 0, 1, '2019-04-26 08:54:05', '2019-04-26 05:19:56', 'tetung@hotmail.com', NULL),
(53, 4, 2, '/uploads/userfiles/images/distributor/retail_store/major-furniture-mall-surat-thani.png', '9.149008', '99.3818377', 'ChIJk49QBbEIVDARmHBmxfKjIN8', '077-225222', NULL, NULL, 0, 1, '2019-04-26 08:57:11', '2019-04-26 05:21:15', 'majormallsr@gmail.com', NULL),
(54, 5, 1, '/uploads/userfiles/images/distributor/modern_trade/central-logo.png', '12.9344777', '100.88332409999998', 'ChIJlyYz7gWWAjERA7UzgDAXtQ0', NULL, NULL, NULL, 0, 1, '2019-04-26 05:22:34', '2019-04-26 05:22:34', NULL, NULL),
(55, 5, 2, '/uploads/userfiles/images/distributor/retail_store/interior-idea.png', '12.6000943', '102.1212931', 'ChIJXxFx6p2BBDER9qHdjbWlaJg', '039-323836', NULL, '081-6332430', 0, 1, '2019-04-26 09:05:22', '2019-04-26 05:27:25', 'iamattap@gmail.com', NULL),
(56, 5, 2, '/uploads/userfiles/images/distributor/retail_store/living-decor-center.png', '13.3365892', '100.97101040000007', 'ChIJSSfFpddsAzERJ-a1pcDQPGg', '038-289-089', NULL, NULL, 0, 1, '2019-04-26 09:22:49', '2019-04-26 05:29:03', NULL, NULL),
(57, 5, 2, '/uploads/userfiles/images/distributor/retail_store/sriracha-living-center.png', '13.144451', '100.91558199999997', 'ChIJj3v7TGq3AjERqo-_TnEz9Vo', '038-327004-5', NULL, NULL, 0, 1, '2019-04-26 09:28:07', '2019-04-26 05:30:14', 'src_living@yahoo.co.th', NULL),
(58, 6, 1, '/uploads/userfiles/images/distributor/modern_trade/robinson-logo.png', '17.4053176', '102.7997967', 'ChIJEcuEn3ydIzERdwJOXnQhUA8', NULL, NULL, NULL, 0, 1, '2019-04-26 05:33:17', '2019-04-26 05:32:04', NULL, NULL),
(59, 6, 1, '/uploads/userfiles/images/distributor/modern_trade/robinson-logo.png', '16.4330886', '102.8263465', 'ChIJB3ow6RmKIjERvcBlJ7G2nQU', NULL, NULL, NULL, 0, 1, '2019-04-26 05:33:06', '2019-04-26 05:33:06', NULL, NULL),
(60, 6, 2, '/uploads/userfiles/images/distributor/retail_store/thongchai-home-partnership.png', '16.5780985', '102.14040369999998', 'ChIJG0o8gc8YIjERZ0g9u0Dt46s', '043-386788', '043-386077', NULL, 0, 1, '2019-04-26 09:30:37', '2019-04-26 05:34:44', 'atiwetin043@hotmail.com', NULL),
(61, 6, 2, '/uploads/userfiles/images/distributor/retail_store/boonmakhrong.png', '16.443759', '102.82884890000003', 'ChIJL9kPVMaJIjER1XZ69L2c9U8', '043-238582-4', '0-4323-7953', NULL, 0, 1, '2019-04-26 09:37:48', '2019-04-26 05:40:16', NULL, NULL),
(62, 6, 2, '/uploads/userfiles/images/distributor/retail_store/muang-kao-furniture.png', '16.41434', '102.83413240000004', 'ChIJoxoGaCSKIjERpIK4QY8gksw', '043-223955-6', NULL, NULL, 0, 1, '2019-04-26 09:40:52', '2019-04-26 05:41:14', 'maungkao@mkf.co.th', NULL),
(63, 6, 2, '/uploads/userfiles/images/distributor/retail_store/ekkaluk-living-home-partnership.png', '14.9600242', '102.06609430000003', 'ChIJpyG4PUqzHjERPcu-tl1AmSs', '044-278760-2', NULL, NULL, 0, 1, '2019-04-26 09:44:56', '2019-04-26 05:42:21', NULL, NULL),
(64, 6, 2, '/uploads/userfiles/images/distributor/retail_store/image-living-home.png', '16.059372', '103.62908349999998', 'ChIJRSzOoXD-FzER44Z8bx3ReD8', '043-525329', NULL, NULL, 0, 1, '2019-04-26 10:00:38', '2019-04-26 05:43:07', NULL, NULL),
(65, 6, 2, '/uploads/userfiles/images/distributor/retail_store/liankuan-furniture.png', '15.1059196', '104.32837040000004', 'ChIJY0ric9ziFjERBs6zrH9vuCk', '045-620-222', NULL, NULL, 0, 1, '2019-04-26 10:02:45', '2019-04-26 05:44:22', NULL, NULL),
(66, 6, 2, '/uploads/userfiles/images/distributor/retail_store/new-sakol-furniture.png', '17.160847', '104.14784499999996', 'ChIJ5RRqaSrzPDERwgzZYpEskfA', '042-730808', NULL, NULL, 0, 1, '2019-04-26 10:05:06', '2019-04-26 05:45:02', NULL, NULL),
(67, 6, 2, '/uploads/userfiles/images/distributor/retail_store/ukc-furniture.png', '17.3900388', '102.8195938', 'ChIJs79xSzJ2IzERk4VWdRR1uCo', '042-323894-6', NULL, NULL, 0, 1, '2019-04-26 10:07:30', '2019-04-26 05:46:02', 'aud_ukc@hotmail.com', NULL),
(68, 6, 2, '/uploads/userfiles/images/distributor/retail_store/tang-sun-seng.png', '15.188758', '104.81716699999993', 'ChIJ0ea2fTSPFjERm_sDS0926ik', '045-424333', '045-424332', NULL, 0, 1, '2019-04-26 10:09:45', '2019-04-26 05:48:27', 'tsfkitchen@hotmail.com', 'http://www.tsffurniture.com/'),
(69, 6, 2, '/uploads/userfiles/images/distributor/retail_store/tang-sun-seng.png', '15.264717', '104.833169', 'ChIJH5oK-xGIFjER33Pe9BoOgh8', '045-314333', '045-355311', NULL, 0, 1, '2019-04-26 10:09:58', '2019-04-26 05:49:34', 'tsfkitchen@hotmail.com', 'http://www.tsffurniture.com/'),
(70, 6, 2, '/uploads/userfiles/images/distributor/retail_store/tang-sun-seng.png', '15.256475', '104.84716100000003', 'ChIJEckqxN-HFjERoib4uFVFVpc', '045-953277', '045-2509', NULL, 0, 1, '2019-04-26 10:10:09', '2019-04-26 05:51:14', 'tsfkilchen@hotmail.com', 'http://www.tsffurniture.com/'),
(71, 6, 2, '/uploads/userfiles/images/distributor/retail_store/tang-sun-seng.png', '15.2311108', '104.85920940000005', 'ChIJVRjZ9jKGFjERPmjvElRDcoA', '045-242415', '045-264788', NULL, 0, 1, '2019-04-26 10:10:22', '2019-04-26 05:53:12', 'tsfkitchen@hotmail.com', 'http://www.tsffurniture.com/'),
(72, 6, 2, '/uploads/userfiles/images/distributor/retail_store/teng-nueng-home-design-center.png', '14.971604', '103.06514140000002', 'ChIJFxEXfo6WGTERE_pz5reSGKI', '044-161929', NULL, NULL, 0, 1, '2019-04-26 10:12:09', '2019-04-26 05:54:44', NULL, NULL),
(73, 7, 2, '/uploads/userfiles/images/distributor/retail_store/kittisak-furniture.png', '12.6055167', '99.94975829999998', 'ChIJwxm2OVmq_TARWpB1jmdHM7k', '032-522-339', NULL, NULL, 0, 1, '2019-04-26 10:18:15', '2019-04-26 05:56:53', NULL, NULL),
(74, 7, 2, NULL, '13.5410287', '99.81260129999998', 'ChIJ2-E1ewEm4zAR3_1hGMS19hQ', '032-321-562', NULL, NULL, 0, 1, '2019-04-26 05:57:54', '2019-04-26 05:57:54', 'kittisak_hb@hotmail.com', NULL);


INSERT INTO `distributor_translation` (`id`, `translatable_id`, `title`, `description`, `address`, `locale`) VALUES
(1, 1, 'ห้างสรรพสินค้าเซ็นทรัล สาขาชิดลม', '<p>test</p>', 'ชั้น 5 แผนกเฟอร์นิเจอร์', 'th'),
(2, 1, 'Central Department Store : Chidlom', NULL, 'Floor 5', 'en'),
(3, 2, 'ห้างสรรพสินค้าเซ็นทรัล สาขาปิ่นเกล้า', NULL, 'ชั้น 4 แผนกเฟอร์นิเจอร์', 'th'),
(4, 2, 'Central Department Store : Pinklao', NULL, 'Floor 4', 'en'),
(5, 3, 'ห้างสรรพสินค้าเซ็นทรัล สาขาแจ้งวัฒนะ', NULL, 'ชั้น 6 แผนกเฟอร์นิเจอร์', 'th'),
(6, 3, 'Central Department Store : Changwattana', NULL, 'Floor 6', 'en'),
(7, 4, 'ห้างสรรพสินค้าเซ็นทรัล สาขาลาดพร้าว', NULL, 'ชั้น 5 แผนก เฟอร์นิเจอร์', 'th'),
(8, 4, 'Central Department Store : Ladprao', NULL, 'Floor 5', 'en'),
(9, 5, 'ห้างสรรพสินค้าเซ็นทรัล สาขาบางนา', NULL, 'ชั้น 4 แผนกเฟอร์นิเจอร์', 'th'),
(10, 5, 'Central Department Store : Bangna', NULL, 'Floor 4', 'en'),
(11, 6, 'ห้างสรรพสินค้าเซ็นทรัล สาขาพระราม 2', NULL, 'ชั้น 4 แผนกเฟอร์นิเจอร์', 'th'),
(12, 6, 'Central Department Store : Rama 2', NULL, 'Floor 4', 'en'),
(13, 7, 'ห้างสรรพสินค้าเซ็นทรัล สาขาพระราม 3', NULL, 'ชั้น 4', 'th'),
(14, 7, 'Central Department Store : Rama 3', NULL, 'Floor 4', 'en'),
(15, 8, 'ห้างสรรพสินค้าเซ็นทรัล สาขารังสิต', NULL, 'ชั้น 2 แผนกเฟอร์นิเจอร์', 'th'),
(16, 8, 'Central Department Store : Rangsit', NULL, 'Floor 2', 'en'),
(17, 9, 'เซ็นทรัล พลาซ่า เวสต์เกต บางใหญ่', NULL, 'ชั้น G แผนกเฟอร์นิเจอร์', 'th'),
(18, 9, 'Central Plaza : WestGate (Bang Yai)', NULL, 'Floor G', 'en'),
(19, 10, 'โรบินสัน สาขาพระราม 9', NULL, 'ชั้น 5', 'th'),
(20, 10, 'Robinson : Rama 9', NULL, 'Floor 5', 'en'),
(21, 11, 'สยามพารากอน', NULL, 'ชั้น 4', 'th'),
(22, 11, 'Siam Paragon', NULL, 'Floor 4', 'en'),
(23, 12, 'เอสบี ดีไซน์ สแควร์ สาขาบางนา', NULL, 'ชั้น 1', 'th'),
(24, 12, 'SB Design Square : Bangna', NULL, 'Floor 1', 'en'),
(25, 13, 'เอสบี ดีไซน์ สแควร์ สาขาซีดีซี', NULL, 'ชั้น 1', 'th'),
(26, 13, 'SB Design Square : CDC', NULL, 'Floor 1', 'en'),
(27, 14, 'คลองหนึ่งเฟอร์นิเจอร์ หจก.', NULL, '90/148 ถนน รังสิต- นครนายก ต.ประชาธิปัตย์ อ.ธัญบุรี จ. ปทุมธานี 12130', 'th'),
(28, 14, 'Klongneung Furniture', NULL, '90/148 Rangsit-Nakornnayok Road, Tambon Prachathipat , Phathumthanee 12130', 'en'),
(29, 15, 'อุดมเฟอร์นิเจอร์ สาขาเลียบทางด่วน เอกมัย-รามอินทรา', NULL, '35,37 ซ.ลาดพร้าว88(อรพิน) ถ.ลาดพร้าว แขวง พลับพลา เขตวังทองหลาง จ.กรุงเทพ', 'th'),
(30, 15, 'UDOM FURNITURE : along Ekamai-Ramintra Expressway Branch', NULL, '35,37 Soi Ladprao 88 (Orapin) Ladprao Road Plubpla Wangtonglang Bangkok', 'en'),
(31, 16, 'อุดมเฟอร์นิเจอร์ สาขาราชพฤกษ์', NULL, '85/15 หมู่ที่ 4 ตำบล บางกร่าง อ.เมืองนนทบุรี จ.นนทบุรี', 'th'),
(32, 16, 'UDOM FURNITURE : Ratchapruek Branch', NULL, '85/15 Moo. 4 Tamboon Bangkrang, Amphor Muang Nonthaburi Nonthaburi', 'en'),
(33, 17, 'Sit & Zleep', NULL, '3413,3415 ถนนพระรามเก้า สวนหลวง กรุงเทพฯ 10250', 'th'),
(34, 17, 'Sit & Zleep', NULL, '3413,3415 Rama 9 Road, Suanluang ,Bangkok 10250', 'en'),
(35, 18, 'โมแซนโต้ สาขาเดอะมอลล์ บางกะปิ', NULL, 'ชั้น 3 เดอะมอลล์ บางกะปิ ฝั่งพลาซ่า, ถ.ลาดพร้าว, แขวงคลองจั่น, เขตบางกะปิ, กรุงเทพฯ 10240', 'th'),
(36, 18, 'MOSANTO @ The Mall Bangkapi', NULL, '3rd fl. The Mall Bangkapi, Plaza Zone, Ladprao Rd., Klongjan, Bangkapi, Bangkok 10240', 'en'),
(37, 19, 'โมแซนโต้ สาขาซีคอนสแควร์', NULL, 'ชั้น 3 ซีคอนสแควร์ ชั้น 3 (ติดกับโรงเรียนสอนดนตรี YAMAHA) ถ. ครีนครินทร์ กรุงเทพ 10260', 'th'),
(38, 19, 'MOSANTO @ Seacon Square', NULL, '3rd fl. Seacon Square (Closed to YAMAHA Music School) , Srinakarin Rd., Bangkok 10260', 'en'),
(39, 20, 'ลิฟวิ่ง โฮม เฟอร์นิเจอร์ มอลล์ (สาขาพระราม 2)', NULL, '100/15 หมู่ 1 ต.บางน้ำจืด อ.เมือง จ.สมุทรสาคร 74000', 'th'),
(40, 20, 'Living home Furniture Mall @ Rama 2', NULL, '100/15 Moo 1 Tamboon Bangnumjuad, Amphor Muang, Samutsakorn 74000', 'en'),
(41, 21, 'เรืองศิลป์ เฟอร์นิแลนด์', NULL, '436 ถ.หน้าพระ ต.ห้วยจรเข้ อ.เมือง จ.นครปฐม 73000', 'th'),
(42, 21, 'Ruangsilp Furniland', NULL, '436 Napha Road, Tambon Huajorlakae, Amphoe Muang, Nakhon Pathom 73000', 'en'),
(43, 22, 'รุ่งประโยชน์ เฟอร์นิเจอร์', NULL, '302/8 ถ.สวรรค์วิถี ต.ปากน้ำโพ อ.เมืองนครสวรรค์ จ.นครสวรรค์ 60000', 'th'),
(44, 22, 'Ruangprayoch Furniture', NULL, '302/8 Sawanwitee Road, Tambon Paknampo, Amphoe Muang, Nakhon Sawan 60000', 'en'),
(45, 23, 'ไอเดีย เฟอร์นิเจอร์ มอลล์ สาขานครสวรรค์', NULL, '99/9 ม.7 ต.บางม่วง อ.เมือง จ.นครสวรรค์ 60000', 'th'),
(46, 23, 'Idea Furniture Mall : Nakhon Sawan Branch', NULL, '99/9 Moo7 Muang Nakhon Sawan 60000', 'en'),
(47, 24, 'ปิยะผล เฟอร์นิเจอร์', NULL, '57 หมู่ 7 ต.คลองสวนพลู อ.พระ จ.พระนครศรีอยุธยา 13000', 'th'),
(48, 24, 'Piyapol Furniture', NULL, '57 Moo 7, Tambon Klongsuanplu, Amphoe Pra, Phra Nakhon Si Ayutthaya 13000', 'en'),
(49, 25, 'แต้น่ำไถ่ เฟอร์นิเจอร์', NULL, '78/4-5-6 ถ.สุดบรรทัต ต.ปากเพรียว อ.เมือง จ.สระบุรี 18000', 'th'),
(50, 25, 'Tae Num Tai Furniture', NULL, '78/4-5-6 Sudbantad Road, Pak Phriao, Amphoe Muang, Saraburi 18000', 'en'),
(51, 26, 'โชว์รูมเฟอร์นิเจอร์แสงเสน่ห์ สาขาอู่ทอง', NULL, '99 ถ.มาลัย ต.จรเข้สามพัน อ.อู่ทอง จ.สุพรรณบุรี 71170', 'th'),
(52, 26, 'Sangsaneh Furniture : U Tong Branch', NULL, '99 Malai Road, Tambon Jorlakaesampan, Amphoe U-tong, Suphanburi 71170', 'en'),
(53, 27, 'เอ็กซ์ตร้าโฮม เฟอร์นิเจอร์ สโตร์', NULL, '222/29 หมู่ 4 ต.สนามชัย อ.เมือง จ.สุพรรณบุรี 72000', 'th'),
(54, 27, 'Extra Home Furniture Store', NULL, '222 Moo 4, Tambon Sanamchai, Amphoe Muang, Suphanburi 72000', 'en'),
(55, 28, 'ห้างสรรพสินค้าเซ็นทรัลเฟสติวัล เชียงใหม่', NULL, 'ชั้น 5', 'th'),
(56, 28, 'Central Festival Chiangmai Department Store', NULL, 'Fl. 5', 'en'),
(57, 29, 'ห้างสรรพสินค้าโรบินสัน เชียงใหม่', NULL, 'ชั้น 5', 'th'),
(58, 29, 'Robinson Chiang Mai', NULL, 'Fl. 5', 'en'),
(59, 30, 'ห้างสรรพสินค้าโรบินสัน เชียงราย', NULL, 'ชั้น 2', 'th'),
(60, 30, 'Robinson Chiang Rai', NULL, 'Fl.2', 'en'),
(61, 31, 'ชัยรัตน์เฟอร์นิเจอร์', NULL, '501 ถ.รัตนาเขต ต.ในเมือง อ.เมือง จ.เชียงราย 57000', 'th'),
(62, 31, 'ChaiRat Furniture', NULL, '501 Rattanaket Nai muang Muang Chiang Rai 57000', 'en'),
(63, 32, 'เรือนทองเฟอร์นิเจอร์', NULL, '478 หมู่ 5 ต.ริมกก อ.เมือง จ.เชียงราย 57100', 'th'),
(64, 32, 'Ruan Thong Furniture', NULL, '478 Moo 5 Rimkok Muang Chiang Rai 57100', 'en'),
(65, 33, 'หจก. เชียงใหม่ธนทัต', NULL, '77-81 ถ.ราชวงศ์ อ.เมือง จ.เชียงใหม่ 50000', 'th'),
(66, 33, 'Chaingmai Thanatat Partnership', NULL, '77-81 Ratchawong Rd. Muang Chiang Mai', 'en'),
(67, 34, 'บางกอกเฟอร์นิเจอร์', NULL, '173 ม.2 ต.ท่าศาลา อ.เมือง จ.เชียงใหม่ 50000', 'th'),
(68, 34, 'Bangkok Furniture', NULL, '173 Moo2, Tambon Thasala Muang Chiang Mai 50000', 'en'),
(69, 35, 'บางกอก เฟอร์นิเจอร์ (สาขาบิ๊กซีหางดง)', NULL, 'ห้องเลขที่ GCR 131 อาคารโฮมโปร(บิ๊กซี หางดง) จ.เชียงใหม่', 'th'),
(70, 35, 'Bangkok Furniture ( Big C Hang Dong)', NULL, 'Room GCR 131 , Home Pro ( Big C - Hang Dong) Chieng Mai', 'en'),
(71, 36, 'อินโฮมเฟอร์นิเจอร์ แอนด์ เดคอร์', NULL, '183 ม.10 ต.สันปูเลย อ.ดอยสะเก็ด จ.เชียงใหม่ 50220', 'th'),
(72, 36, 'Inhome Furniture & Decor', NULL, '183 M.10 Tamboon Sanpoolear Amphor Doisakred Chiangmai 50220', 'en'),
(73, 37, 'ปางค่าเฟอร์นิเจอร์', NULL, '46-54 ถ.อนันตวรฤทธิเดช ต.ในเวียง อ.เมือง จ.น่าน 55000', 'th'),
(74, 37, 'Pangka Furniture', NULL, '46-54 Anuntaworarit Naivieng Muang Nan 55000', 'en'),
(75, 38, 'เมรี่เฟอร์นิเจอร์', NULL, '288 ถ.พหลโยธิน ต.แม่ต๋ำเมืองชุม อ.เมือง จ.พะเยา 56000', 'th'),
(76, 38, 'Mery Furniture', NULL, '288 Phahonyotin Rd. Tambon Mae-tum Muang Phayao 56000', 'en'),
(77, 39, 'บริษัท เมเจอร์ เฟอร์นิเจอร์ มอลล์ (พิษณุโลก) จำกัด', NULL, '29/9 หมู่ 7 สีหราชเดโชชัย ตำบลวัดจันทร์ อำเภอเมืองพิษณุโลก จ.พิษณุโลก 65000', 'th'),
(78, 39, 'Major Furniture Mall (Phitsanulok) Co., Ltd.', NULL, '29/9 Moo.7 Siharaj Dechochai, Watjan district, Meaung Phitsanulok. Phitsanulok 65000', 'en'),
(79, 40, 'นันทิยาเฟอร์นิเจอร์', NULL, '22/2-6 ถ.สามัคคีชัย ต.ในเมือง อ.เมือง จ.เพชรบูรณ์ 67000', 'th'),
(80, 40, 'Nantiya Furniture', NULL, '22/2-6 Samakchai Naimuang Muang Phetchabun 67000', 'en'),
(81, 41, 'ห้างสรรพสินค้าเซ็นทรัลเฟสติวัล หาดใหญ่', NULL, 'ชั้น 5', 'th'),
(82, 41, 'Central Festival Hadyai Department Store', NULL, 'Floor 5', 'en'),
(83, 42, 'เอส บี ดีไซน์ สแควร์ สาขาภูเก็ต', NULL, 'ชั้น 1', 'th'),
(84, 42, 'SB Design Square ( Phuket)', NULL, 'Fl. 1', 'en'),
(85, 43, 'แสงทองเฟอร์นิเจอร์', NULL, '312/12 ถ.อุตรกิจ ต.ปากน้ำ อ.เมือง จ.กระบี่ 81000', 'th'),
(86, 43, 'Sang Thong Furniture', NULL, '312/12 Autaladit Rd. Paknam Muang Kra Bi 81000', 'en'),
(87, 44, 'แสงทองลิฟวิ่งรูม', NULL, '189 หมู่2 ต.กระบี่น้อย อ.เมือง จ.กระบี่ 1000', 'th'),
(88, 44, 'Sang Thong Living Room', NULL, '189 Moo2, Tambon Krabi-Noi, Muang Kra Bi 1000', 'en'),
(89, 45, 'คู่บ้านเครื่องเรือน (เมเจอร์เฟอร์นิเจอร์ชุมพร)', NULL, '9/9 หมู่ 1 ต.ขุนกระทิง อ.เมือง จ.ชุมพร 86190', 'th'),
(90, 45, 'Koo Bann Koo Ruan (Major Furniture Mall Chumphon)', NULL, '9/9 Moo 1 Koonkating Central District Chumphon 86190', 'en'),
(91, 46, 'ประสิทธิ์อินเตอร์โฮม', NULL, '18/12-14 ถ.เพลินพิทักษ์ ต.ทับเที่ยง อ.เมือง จ.ตรัง', 'th'),
(92, 46, 'Prasit Inter Home', NULL, '18/12-14 Planpitak Rd. Tambon tabteing, Muang Trang', 'en'),
(93, 47, 'หจก. สยามจัสมิน ลีฟวิ่ง เซ็นเตอร์', NULL, '17/1 ถ.พัฒนาการคูขวาง ต.ในเมือง อ.เมือง จ.นครศรีธรรมราช 80000', 'th'),
(94, 47, 'SIAM JASMIN LIVING CENTER', NULL, '17/1 Phatthanakan Khu Khwang Road, Nai Mueang Subdistrict, Mueang District, Nakhon Si Thammarat Province 80000', 'en'),
(95, 48, 'กรุงเทพเครื่องเรือน', NULL, '42/45 ถ.เพชรเกษม ต.ลำภู อ.เมืองนราธิวาส นราธิวาส 96000', 'th'),
(96, 48, 'Krungthep Kuangruan', NULL, '42/45 Petkasem Rd. Tamboon Lampoo, Amphor Mung , Narathiwat 96000', 'en'),
(97, 49, 'มายเฮ้าส์เฟอร์นิเจอร์', NULL, '600 ถ.เพชรเกษม อ.หาดใหญ่ จ.สงขลา  90110', 'th'),
(98, 49, 'My House Furniture', NULL, '600 Petchkasem Rd. Hadyai Songkhla 90110', 'en'),
(99, 50, 'ราชาเฟอร์นิเจอร์', NULL, '1474 ถนนเพชรเกษม อ.หาดใหญ่ จ.สงขลา 90110', 'th'),
(100, 50, 'Racha Furniture', NULL, '1474 Petchkasem Rd., Hatyai Songkhla 90110', 'en'),
(101, 51, 'ยังนำเฟอร์นิเจอร์ซิตี้', NULL, '45/89 หมู่ 5 ถ.เลี่ยงเมือง ต.มะขามเตี้ย อ.เมือง จ. สุราษฎร์ธานี จ.สุราษฎร์ธานี', 'th'),
(102, 51, 'Youngnum Furniture City', NULL, '45/89 Moo 5 Liengmung Rd. Tambon Makantien Muang Suratthani', 'en'),
(103, 52, 'ยังนำเฟอร์นิเจอร์ซิตี้ สาขาสมุย', NULL, 'อ.เกาะสมุย จ.สุราษฎร์ธานี', 'th'),
(104, 52, 'Youngnum Furniture City Samui Branch', NULL, 'Koh Samui Suratthani', 'en'),
(105, 53, 'เมเจอร์ เฟอร์นิเจอร์ มอล์ล ( สุราษฏร์ธานี)', NULL, '50/151 ม.4 ถนน กาญจนวิถี ต. บางกุ้ง อ. เมือง สุราษฏร์ธานี 84000', 'th'),
(106, 53, 'Major Furniture Mall (Surat Thani) Co., Ltd.', NULL, '50/151 M.4 Karnchanawithee Road. Tamboon Bangkung Amphor Muang Surat Thani 84000', 'en'),
(107, 54, 'ห้างสรรพสินค้าเซ็นทรัล พัทยา', NULL, 'ชั้น 5', 'th'),
(108, 54, 'Central Department Store ( Pattaya)', NULL, 'Fl. 5', 'en'),
(109, 55, 'หจก.อินทีเรียร์ ไอเดีย', NULL, '65-67 หมู่ 7 ตำบลจันทนิมิต อ.เมือง จ.จันทบุรี 22000', 'th'),
(110, 55, 'Interior Idea', NULL, '65-67 Moo 7 Tambon Channimiti Muang Chanthaburi 22000', 'en'),
(111, 56, 'ลิฟวิ่งแอนด์เดคคอร์', NULL, '101/11-12 ม.1 ถ.สุขุมวิท ต.เสม็ด อ.เมือง จ.ชลบุรี', 'th'),
(112, 56, 'Living and Decor', NULL, '101/11-12 Moo 1 SukhumvitRd. Samet Muang Chonburi', 'en'),
(113, 57, 'ศรีราชา ลิฟวิ่ง เซ็นเตอร์ จำกัด', NULL, '999 ม.4 ถ.สุขุมวิท ต.สุรศักดิ์ อ.ศรีราชา จ.ชลบุรี 20110', 'th'),
(114, 57, 'Sriracha Living Center Co.,LTD', NULL, '999 Moo4 Sukumvit Rd. Tambon Surasak, Sriracha Chonburi 20110', 'en'),
(115, 58, 'โรบินสัน สาขาอุดรธานี', NULL, 'ชั้น 3', 'th'),
(116, 58, 'Robinson Udon Thani', NULL, 'Fl. 3', 'en'),
(117, 59, 'โรบินสัน สาขาขอนแก่น', NULL, 'ชั้น 5', 'th'),
(118, 59, 'Robinson Khonkaen', NULL, 'Fl. 5', 'en'),
(119, 60, 'หจก. ธงชัย โฮม 2007', NULL, '139 ม.7 ต.หนองไผ่ อ.ชุมแพ จ.ขอนแก่น 40130', 'th'),
(120, 60, 'Thongchai Home Partnership', NULL, '139 Moo 7 Nongpai Chumpae Khon Kaen 40130', 'en'),
(121, 61, 'บริษัท บุญมาครอง จำกัด', NULL, '130/3-4 หมู่ที่16 ถ.มิตรภาพ ต.ในเมือง อ.เมือง จ.ขอนแก่น', 'th'),
(122, 61, 'Boonmakhrong.Co.Ltd', NULL, '130/3-4 Moo 6 Mitthapap Rd. NaiMuang Muang Khon Kaen 40000', 'en'),
(123, 62, 'บริษัท เมืองเก่าเฟอร์นิเจอร์ 1999 จำกัด', NULL, '345,345/2 ถ.กลางเมือง ต.ในเมือง อ.เมือง จ.ขอนแก่น 40000', 'th'),
(124, 62, 'Muang Kao Furniture Co.Ltd.', NULL, '345, 345/2 Klangmuang Naimuang Muang Khon Kaen 40000', 'en'),
(125, 63, 'หจก.เอกลักษณ์ลิฟวิ่งโฮม', NULL, '424 ถ.สืบศิริ ต.ในเมือง อ.เมือง จ.นครราชสีมา', 'th'),
(126, 63, 'Ekkaluk Living Home Partnership', NULL, '424 Subsiri Rd. Muang Nakhon Ratchasima', 'en'),
(127, 64, 'อิมเมจ ลิฟวิ่ง โฮม', NULL, '22 ถ.เทวาภิบาล อ.เมือง จ.ร้อยเอ็ด 45000', 'th'),
(128, 64, 'Image Living Home', NULL, '22 Tevapiban Rd. Muang Roi Et 45000', 'en'),
(129, 65, 'เลี่ยงกวงเฟอร์นิเจอร์', NULL, '991/68-69 ถ.กวงเฮง อ.เมือง จ.ศรีสะเกษ 33000', 'th'),
(130, 65, 'Liankuan Furniture', NULL, '991/68-69 Kuanheng Muang Sisaket 33000', 'en'),
(131, 66, 'นิวสกลเฟอร์นิเจอร์', NULL, '1301/13-15 ถ.สุขเกษม ต.ธาตุเชิงชุม อ.เมือง จ.สกลนคร', 'th'),
(132, 66, 'New Sakol Furniture', NULL, '1301/13-15 SukkasemRd. Tatsheintoom Muang Sakon Nakhon', 'en'),
(133, 67, 'บริษัท ยู เค ฃี เฟอร์นิเจอร์(1996) จำกัด', NULL, '455/52 หมู่ 3 ถ.นิตโย ต.หมากแข้ง อ.เมือง จ.อุดรธานี 41000', 'th'),
(134, 67, 'UKC Furniture(1996) Co.,Ltd.', NULL, '4552/52 Moo3 Nittiyo Rd. Makkang Muang Udon Thani 41000', 'en'),
(135, 68, 'ตั้งฃุ่นเส่งเฟอร์นิเจอร์ สาขา วารินชำราบ', NULL, 'ถนนศรีสะเกษ ต.หนองกินเพล อ.วารินชำราบ อุบลราชธานี 34190', 'th'),
(136, 68, 'Tang Sun Seng ( Warinchumrab)', NULL, 'Si Sa Ket Road, Nong Kin Phel Sub-district, Warin Chamrap District, Ubon Ratchathani 34190', 'en'),
(137, 69, 'ตั้งฃุ่นเส่งเฟอร์นิเจอร์ สาขา เลี่ยงเมือง', NULL, '59 หมู่10 ถ.เลี่ยงเมือง ต.แจระแม อ.เมือง จ.อุบลราชธานี 34000', 'th'),
(138, 69, 'Tang Sun Seng ( Liang Muang)', NULL, '59 M. 10 Liang Muang Road. Amphor Muang Ubonratchathani 34000', 'en'),
(139, 70, 'ตั้งซุ่นเส่งเฟอร์นิเจอร์ สาขา ชยางกูร', NULL, '483/1 ถ.ชยางกูร อ.เมือง จ.อุบลราชธานี 34000', 'th'),
(140, 70, 'Tang Soon Seng Furniture ( Chayangkul)', NULL, '483/1 Chayangkul Rd. Muang Ubon Ratchathani 34000', 'en'),
(141, 71, 'ตั้งฃุ่นเส่งเฟอร์นิเจอร์ สาขา พโลรังฤทธิ์', NULL, '200-206 ถ.พโลรังฤทธิ์ ต.ในเมือง อ.เมือง จ.อุบลราชธานี 34000', 'th'),
(142, 71, 'Tang Sun Seng ( Plorungrith)', NULL, '200-206 Plorungrith Road Amphor Muang Ubon Ratchathani 34000', 'en'),
(143, 72, 'เต็งหนึ่ง โฮมดีไซน์เซ็นเตอร์', NULL, '90 หมู่6 อำเภอในเมือง ต.กระสัง อ.เมือง จ.บุรีรัมย์ 31000', 'th'),
(144, 72, 'Teng Nueng Home Design Center', NULL, '90 Moo 6 krasang Amphoe Mueang Buri Ram 31000', 'en'),
(145, 73, 'กิตติศักดิ์ หัวหิน', NULL, '16/78 ถ.เพชรเกษม ซ.หมุ่บ้านบ่อฝ้าย อ.หัวหิน จ.ประจวบคีรีขันธ์', 'th'),
(146, 73, 'Kittisak Huahin', NULL, '16/78 Petchkasem Soi Moobannborfai Huahin Prachuap Khirikhan', 'en'),
(147, 74, 'กิตติศักดิ์เฟอร์นิเจอร์', NULL, '154/250 ถ.ศรีสุริยวงศ์ ต.หน้าเมือง อ.เมือง จ.ราชบุรี 70000', 'th'),
(148, 74, 'Kittisak Furniture', NULL, '154/250 Srisureeyawong Narmung Central District Ratchaburi 70000', 'en');
